{"players": [{"account_id": 112681997, "player_slot": 128, "team_number": 1, "team_slot": 0, "hero_id": 14, "hero_variant": 1, "item_0": 1, "item_1": 127, "item_2": 214, "item_3": 36, "item_4": 54, "item_5": 108, "backpack_0": 0, "backpack_1": 0, "backpack_2": 0, "item_neutral": 565, "item_neutral2": 1585, "kills": 22, "deaths": 4, "assists": 30, "leaver_status": 0, "last_hits": 50, "denies": 2, "gold_per_min": 504, "xp_per_min": 747, "level": 20, "net_worth": 15298, "aghanims_scepter": 0, "aghanims_shard": 0, "moonshard": 0, "hero_damage": 30575, "tower_damage": 2439, "hero_healing": 0, "gold": 498, "gold_spent": 15470, "ability_upgrades_arr": [5075, 5076, 5075, 5076, 5075, 5077, 5075, 5076, 5076, 5074, 5932, 5077, 5074, 5074, 5074, 507, 5077, 332], "personaname": "Seeerb", "name": null, "last_login": "2025-09-03T17:35:27.072Z", "rank_tier": 24, "computed_mmr": null, "is_subscriber": false, "radiant_win": false, "start_time": 1763250357, "duration": 1871, "cluster": 193, "lobby_type": 4, "game_mode": 1, "is_contributor": false, "patch": 58, "region": 9, "isRadiant": false, "win": 1, "lose": 0, "total_gold": 15716, "total_xp": 23293, "kills_per_min": 0.7055050774986638, "kda": 10.4, "abandons": 0, "benchmarks": {"gold_per_min": {"raw": 504, "pct": 0.8322241681260946}, "xp_per_min": {"raw": 747, "pct": 0.7371278458844133}, "kills_per_min": {"raw": 0.7055050774986639, "pct": 0.9931698774080561}, "last_hits_per_min": {"raw": 1.6034206306787815, "pct": 0.29071803852889666}, "hero_damage_per_min": {"raw": 980.4917156600748, "pct": 0.9329246935201401}, "hero_healing_per_min": {"raw": 0, "pct": 0.7471103327495622}, "tower_damage": {"raw": 2439, "pct": 0.8905429071803853}}}, {"player_slot": 129, "team_number": 1, "team_slot": 1, "hero_id": 6, "hero_variant": 1, "item_0": 263, "item_1": 154, "item_2": 75, "item_3": 116, "item_4": 1, "item_5": 63, "backpack_0": 36, "backpack_1": 0, "backpack_2": 0, "item_neutral": 828, "item_neutral2": 1584, "kills": 23, "deaths": 2, "assists": 21, "leaver_status": 0, "last_hits": 97, "denies": 7, "gold_per_min": 576, "xp_per_min": 725, "level": 20, "net_worth": 17928, "aghanims_scepter": 0, "aghanims_shard": 0, "moonshard": 0, "hero_damage": 24379, "tower_damage": 11988, "hero_healing": 0, "gold": 623, "gold_spent": 17595, "ability_upgrades_arr": [5019, 5632, 343, 5019, 343, 5022, 5019, 5632, 5632, 580, 5019, 5022, 343, 343, 5632, 6027, 5022, 1088], "is_subscriber": false, "radiant_win": false, "start_time": 1763250357, "duration": 1871, "cluster": 193, "lobby_type": 4, "game_mode": 1, "is_contributor": false, "patch": 58, "region": 9, "isRadiant": false, "win": 1, "lose": 0, "total_gold": 17961, "total_xp": 22607, "kills_per_min": 0.7375734901122395, "kda": 14.67, "abandons": 0, "benchmarks": {"gold_per_min": {"raw": 576, "pct": 0.5112708265272786}, "xp_per_min": {"raw": 725, "pct": 0.4227376674289448}, "kills_per_min": {"raw": 0.7375734901122395, "pct": 0.9944462593923554}, "last_hits_per_min": {"raw": 3.110636023516836, "pct": 0.0558640967004247}, "hero_damage_per_min": {"raw": 781.7958311063603, "pct": 0.6602417510617445}, "hero_healing_per_min": {"raw": 0, "pct": 0.9562234563868017}, "tower_damage": {"raw": 11988, "pct": 0.7673962757268866}}}, {"account_id": 115127706, "player_slot": 130, "team_number": 1, "team_slot": 2, "hero_id": 87, "hero_variant": 1, "item_0": 36, "item_1": 180, "item_2": 108, "item_3": 0, "item_4": 254, "item_5": 0, "backpack_0": 0, "backpack_1": 0, "backpack_2": 0, "item_neutral": 1599, "item_neutral2": 1595, "kills": 9, "deaths": 5, "assists": 53, "leaver_status": 0, "last_hits": 8, "denies": 0, "gold_per_min": 356, "xp_per_min": 698, "level": 20, "net_worth": 10768, "aghanims_scepter": 0, "aghanims_shard": 0, "moonshard": 0, "hero_damage": 11684, "tower_damage": 979, "hero_healing": 0, "gold": 2568, "gold_spent": 8880, "ability_upgrades_arr": [5458, 5459, 5459, 5460, 5459, 5461, 5459, 5460, 5458, 5460, 5458, 5458, 5461, 1142, 5460, 6215, 5461], "personaname": "ZaZa", "name": null, "last_login": "2018-12-09T22:37:55.933Z", "rank_tier": null, "computed_mmr": null, "is_subscriber": false, "radiant_win": false, "start_time": 1763250357, "duration": 1871, "cluster": 193, "lobby_type": 4, "game_mode": 1, "is_contributor": false, "patch": 58, "region": 9, "isRadiant": false, "win": 1, "lose": 0, "total_gold": 11101, "total_xp": 21765, "kills_per_min": 0.28861571352218063, "kda": 10.33, "abandons": 0, "benchmarks": {"gold_per_min": {"raw": 356, "pct": 0.7014314928425358}, "xp_per_min": {"raw": 698, "pct": 0.8336741649625086}, "kills_per_min": {"raw": 0.28861571352218063, "pct": 0.9850034083162917}, "last_hits_per_min": {"raw": 0.256547300908605, "pct": 0.012951601908657124}, "hero_damage_per_min": {"raw": 374.68733297701766, "pct": 0.4648943421949557}, "hero_healing_per_min": {"raw": 0, "pct": 0.6319018404907976}, "tower_damage": {"raw": 979, "pct": 0.874573960463531}}}, {"player_slot": 131, "team_number": 1, "team_slot": 3, "hero_id": 67, "hero_variant": 2, "item_0": 29, "item_1": 65, "item_2": 110, "item_3": 108, "item_4": 137, "item_5": 149, "backpack_0": 36, "backpack_1": 0, "backpack_2": 73, "item_neutral": 1158, "item_neutral2": 1585, "kills": 30, "deaths": 4, "assists": 18, "leaver_status": 0, "last_hits": 209, "denies": 7, "gold_per_min": 782, "xp_per_min": 1031, "level": 24, "net_worth": 21366, "aghanims_scepter": 0, "aghanims_shard": 0, "moonshard": 0, "hero_damage": 34773, "tower_damage": 1066, "hero_healing": 0, "gold": 1711, "gold_spent": 19845, "ability_upgrades_arr": [5334, 5336, 5335, 5334, 5334, 7851, 5334, 5336, 5336, 5336, 6148, 7851, 5335, 5335, 6900, 5335, 7851, 6901], "is_subscriber": false, "radiant_win": false, "start_time": 1763250357, "duration": 1871, "cluster": 193, "lobby_type": 4, "game_mode": 1, "is_contributor": false, "patch": 58, "region": 9, "isRadiant": false, "win": 1, "lose": 0, "total_gold": 24385, "total_xp": 32150, "kills_per_min": 0.9620523784072689, "kda": 9.6, "abandons": 0, "benchmarks": {"gold_per_min": {"raw": 782, "pct": 0.943939393939394}, "xp_per_min": {"raw": 1031, "pct": 0.7015151515151515}, "kills_per_min": {"raw": 0.9620523784072688, "pct": 0.9992424242424243}, "last_hits_per_min": {"raw": 6.702298236237307, "pct": 0.5409090909090909}, "hero_damage_per_min": {"raw": 1115.1149118118653, "pct": 0.6212121212121212}, "hero_healing_per_min": {"raw": 0, "pct": 0.956060606060606}, "tower_damage": {"raw": 1066, "pct": 0.3568181818181818}}}, {"player_slot": 132, "team_number": 1, "team_slot": 4, "hero_id": 11, "hero_variant": 2, "item_0": 108, "item_1": 100, "item_2": 1, "item_3": 277, "item_4": 48, "item_5": 0, "backpack_0": 0, "backpack_1": 0, "backpack_2": 0, "item_neutral": 1158, "item_neutral2": 1577, "kills": 19, "deaths": 4, "assists": 20, "leaver_status": 0, "last_hits": 191, "denies": 5, "gold_per_min": 616, "xp_per_min": 853, "level": 22, "net_worth": 17921, "aghanims_scepter": 0, "aghanims_shard": 0, "moonshard": 0, "hero_damage": 28826, "tower_damage": 137, "hero_healing": 0, "gold": 2171, "gold_spent": 16975, "ability_upgrades_arr": [5059, 5063, 5059, 5063, 5059, 5064, 5059, 5063, 5063, 999, 1216, 5064, 1216, 1216, 6070, 1216, 5064, 6670], "is_subscriber": false, "radiant_win": false, "start_time": 1763250357, "duration": 1871, "cluster": 193, "lobby_type": 4, "game_mode": 1, "is_contributor": false, "patch": 58, "region": 9, "isRadiant": false, "win": 1, "lose": 0, "total_gold": 19208, "total_xp": 26599, "kills_per_min": 0.6092998396579369, "kda": 7.8, "abandons": 0, "benchmarks": {"gold_per_min": {"raw": 616, "pct": 0.5475539349741719}, "xp_per_min": {"raw": 853, "pct": 0.563962321482832}, "kills_per_min": {"raw": 0.6092998396579369, "pct": 0.9644484958979034}, "last_hits_per_min": {"raw": 6.125066809192945, "pct": 0.2364023093284716}, "hero_damage_per_min": {"raw": 924.404061998931, "pct": 0.7642054086903677}, "hero_healing_per_min": {"raw": 0, "pct": 0.908234579155272}, "tower_damage": {"raw": 137,