{"players": [{"player_slot": 0, "team_number": 0, "team_slot": 0, "hero_id": 131, "hero_variant": 1, "item_0": 232, "item_1": 96, "item_2": 0, "item_3": 16, "item_4": 37, "item_5": 231, "backpack_0": 0, "backpack_1": 0, "backpack_2": 0, "item_neutral": 2193, "kills": 3, "deaths": 13, "assists": 25, "leaver_status": 0, "last_hits": 138, "denies": 0, "gold_per_min": 402, "xp_per_min": 623, "level": 23, "net_worth": 17495, "aghanims_scepter": 0, "aghanims_shard": 0, "moonshard": 0, "hero_damage": 14046, "tower_damage": 96, "hero_healing": 7176, "gold": 3320, "gold_spent": 14950, "ability_upgrades_arr": [386, 352, 386, 352, 386, 385, 383, 352, 352, 386, 396, 385, 383, 383, 707, 383, 385, 399], "is_subscriber": false, "radiant_win": true, "start_time": 1729888960, "duration": 2768, "cluster": 271, "lobby_type": 7, "game_mode": 22, "is_contributor": false, "patch": 56, "region": 3, "isRadiant": true, "win": 1, "lose": 0, "total_gold": 18545, "total_xp": 28741, "kills_per_min": 0.06502890173410404, "kda": 2, "abandons": 0, "benchmarks": {"gold_per_min": {"raw": 402, "pct": 0.8134034165571616}, "xp_per_min": {"raw": 623, "pct": 0.6754270696452037}, "kills_per_min": {"raw": 0.06502890173410404, "pct": 0.22996057818659657}, "last_hits_per_min": {"raw": 2.9913294797687864, "pct": 0.9421813403416557}, "hero_damage_per_min": {"raw": 304.4653179190751, "pct": 0.11300919842312747}, "hero_healing_per_min": {"raw": 155.5491329479769, "pct": 0.988173455978975}, "tower_damage": {"raw": 96, "pct": 0.3902759526938239}}}, {"player_slot": 1, "team_number": 0, "team_slot": 1, "hero_id": 22, "hero_variant": 1, "item_0": 263, "item_1": 180, "item_2": 36, "item_3": 259, "item_4": 1808, "item_5": 41, "backpack_0": 16, "backpack_1": 288, "backpack_2": 0, "item_neutral": 1803, "kills": 5, "deaths": 4, "assists": 27, "leaver_status": 0, "last_hits": 162, "denies": 0, "gold_per_min": 437, "xp_per_min": 739, "level": 24, "net_worth": 19986, "aghanims_scepter": 0, "aghanims_shard": 1, "moonshard": 0, "hero_damage": 27128, "tower_damage": 1530, "hero_healing": 0, "gold": 4261, "gold_spent": 16180, "ability_upgrades_arr": [5110, 641, 5110, 5111, 5110, 5113, 5110, 5111, 5111, 5111, 5959, 5113, 641, 641, 611, 641, 5113, 6518], "is_subscriber": false, "radiant_win": true, "start_time": 1729888960, "duration": 2768, "cluster": 271, "lobby_type": 7, "game_mode": 22, "is_contributor": false, "patch": 56, "region": 3, "isRadiant": true, "win": 1, "lose": 0, "total_gold": 20160, "total_xp": 34092, "kills_per_min": 0.10838150289017341, "kda": 6.4, "abandons": 0, "benchmarks": {"gold_per_min": {"raw": 437, "pct": 0.42730181301102027}, "xp_per_min": {"raw": 739, "pct": 0.5943832207607537}, "kills_per_min": {"raw": 0.10838150289017341, "pct": 0.16637042303590474}, "last_hits_per_min": {"raw": 3.5115606936416186, "pct": 0.4941343761109136}, "hero_damage_per_min": {"raw": 588.0346820809249, "pct": 0.10309278350515463}, "hero_healing_per_min": {"raw": 0, "pct": 0.7906150017774618}, "tower_damage": {"raw": 1530, "pct": 0.779950231070032}}}, {"account_id": 112681997, "player_slot": 2, "team_number": 0, "team_slot": 2, "hero_id": 76, "hero_variant": 1, "item_0": 1, "item_1": 96, "item_2": 263, "item_3": 63, "item_4": 116, "item_5": 1806, "backpack_0": 4204, "backpack_1": 36, "backpack_2": 77, "item_neutral": 309, "kills": 15, "deaths": 6, "assists": 21, "leaver_status": 0, "last_hits": 303, "denies": 15, "gold_per_min": 695, "xp_per_min": 1056, "level": 27, "net_worth": 30957, "aghanims_scepter": 0, "aghanims_shard": 0, "moonshard": 0, "hero_damage": 42022, "tower_damage": 10065, "hero_healing": 0, "gold": 6677, "gold_spent": 25060, "ability_upgrades_arr": [5391, 5684, 5392, 5392, 5392, 5394, 5392, 5684, 5391, 5391, 5391, 5394, 5684, 5684, 5959, 957, 5394, 6166, 6241, 6006], "personaname": "Seeerb", "name": null, "last_login": "2025-09-03T17:35:27.072Z", "rank_tier": 24, "computed_mmr": null, "is_subscriber": false, "radiant_win": true, "start_time": 1729888960, "duration": 2768, "cluster": 271, "lobby_type": 7, "game_mode": 22, "is_contributor": false, "patch": 56, "region": 3, "isRadiant": true, "win": 1, "lose": 0, "total_gold": 32062, "total_xp": 48716, "kills_per_min": 0.32514450867052025, "kda": 5.14, "abandons": 0, "benchmarks": {"gold_per_min": {"raw": 695, "pct": 0.9205175600739371}, "xp_per_min": {"raw": 1056, "pct": 0.8770794824399261}, "kills_per_min": {"raw": 0.32514450867052025, "pct": 0.6737523105360443}, "last_hits_per_min": {"raw": 6.567919075144508, "pct": 0.7837338262476895}, "hero_damage_per_min": {"raw": 910.8815028901735, "pct": 0.7162661737523105}, "hero_healing_per_min": {"raw": 0, "pct": 0.9602587800369686}, "tower_damage": {"raw": 10065, "pct": 0.9870609981515711}}}, {"player_slot": 3, "team_number": 0, "team_slot": 3, "hero_id": 14, "hero_variant": 2, "item_0": 127, "item_1": 1, "item_2": 108, "item_3": 214, "item_4": 0, "item_5": 0, "backpack_0": 0, "backpack_1": 0, "backpack_2": 0, "item_neutral": 376, "kills": 7, "deaths": 13, "assists": 29, "leaver_status": 0, "last_hits": 50, "denies": 0, "gold_per_min": 372, "xp_per_min": 582, "level": 22, "net_worth": 13896, "aghanims_scepter": 0, "aghanims_shard": 0, "moonshard": 0, "hero_damage": 23995, "tower_damage": 1513, "hero_healing": 0, "gold": 4121, "gold_spent": 12435, "ability_upgrades_arr": [5075, 5076, 5075, 5076, 5075, 5077, 5075, 5076, 5074, 7142, 5076, 5077, 5074, 5074, 507, 5074, 5077, 332], "is_subscriber": false, "radiant_win": true, "start_time": 1729888960, "duration": 2768, "cluster": 271, "lobby_type": 7, "game_mode": 22, "is_contributor": false, "patch": 56, "region": 3, "isRadiant": true, "win": 1, "lose": 0, "total_gold": 17161, "total_xp": 26849, "kills_per_min": 0.15173410404624277, "kda": 2.57, "abandons": 0, "benchmarks": {"gold_per_min": {"raw": 372, "pct": 0.43117338003502625}, "xp_per_min": {"raw": 582, "pct": 0.44220665499124345}, "kills_per_min": {"raw": 0.15173410404624277, "pct": 0.4362521891418564}, "last_hits_per_min": {"raw": 1.083815028901734, "pct": 0.1316987740805604}, "hero_damage_per_min": {"raw": 520.1228323699422, "pct": 0.5264448336252189}, "hero_healing_per_min": {"raw": 0, "pct": 0.7471103327495622}, "tower_damage": {"raw": 1513, "pct": 0.7945709281961472}}}, {"player_slot": 4, "team_number": 0, "team_slot": 4, "hero_id": 56, "hero_variant": 1, "item_0": 180, "item_1": 250, "item_2": 168, "item_3": 123, "item_4": 141, "item_5": 256, "backpack_0": 75, "backpack_1": 0, "backpack_2": 0, "item_neutral": 1160, "kills": 34, "deaths": 6, "assists": 22, "leaver_status": 0, "last_hits": 225, "denies": 9, "gold_per_min": 807, "xp_per_min": 1410, "level": 30, "net_worth": 36177, "aghanims_scepter": 0, "aghanims_shard": 0, "moonshard": 0, "hero_damage": 64318, "tower_damage": 11685, "hero_healing": 0, "gold": 11247, "gold_spent": 26355, "ability_upgrades_arr": [1119, 5262, 1119, 5262, 5262, 5261, 1119, 1120, 1119, 6104, 1120, 5261, 1120, 1120, 6027, 5262, 5261, 494, 6620, 523, 554, 495, 7878], "is_subscriber": false, "radiant_win": true, "start_time": 1729888960, "duration": 2768, "cluster": 271, "lobby_type": 7, "game_mode": 22, "is_contributor": false, "patch": 56, "region": 3, "isRadiant": true, "win": 1, "lose": 0, "total_gold": 37229, "total_xp": 65048, "kills_per_min": 0.7369942196531792, "kda": 8, "abandons": 0, "benchmarks": {"gold_per_min": {"raw": 807, "pct": 0.9714452214452215}, "xp_per_min": {"raw": 1410, "pct": 0.995920745920746}, "kills_per_min": {"raw": 0.7369942196531792, "pct": 0.9883449883449883}, "last_hits_per_min": {"raw": 4.877167630057803, "pct": 0.418997668997669}, "hero_damage_per_min": {"raw": 1394.1763005780347, "pct": 0.9417249417249417}, "hero_healing_per_min": {"raw": 0, "pct": 0.9522144522144522}, "tower_damage": {"raw": 11685, "pct": 0.7132867132867133}}}, {"player_slot": 128, "team_number": 1, "team_slot": 0, "hero_id": 40, "hero_variant": 1, "item_0": 73, "item_1": 0, "item_2": 90, "item_3": 231, "item_4": 36, "item_5": 218, "backpack_0": 0, "backpack_1": 0,